SH 1N,2958
SH 2,1975
HIGH ST,372
FERGUSSON DRIVE,317
SH 58,268
TITAHI BAY ROAD,223
HUTT ROAD,213
ADELAIDE ROAD,199
MAIN ROAD,191
TARANAKI ST,177
WILLIS ST,169
KAPITI ROAD,165
WAINUIOMATA HILL ROAD,156
QUEENS DRIVE,151
RIDDIFORD ST,149
VICTORIA ST,147
THE ESPLANADE,141
CAMBRIDGE TERRACE,140
EASTERN HUTT ROAD,139
WARSPITE AVENUE,126
PAEKAKARIKI HILL ROAD,125
MUNGAVIN AVENUE,120
THE TERRACE,119
DIXON ST,116
COURTENAY PLACE,112
WAIWHETU ROAD,105
ORIENTAL PARADE,101
WAKEFIELD ST,99
KARORI ROAD,99
QUEEN ST,97
TINAKORI ROAD,96
JACKSON ST,95
CUBA ST,92
TORY ST,88
SH 2 WESTERN HUTT ROAD,87
EVANS BAY PARADE,82
WATERLOO ROAD,81
AKATARAWA ROAD,81
JOHNSONVILLE ROAD,78
WATERLOO QUAY,74
KENEPURU DRIVE,74
GHUZNEE ST,73
JERVOIS QUAY,73
STOKES VALLEY ROAD,73
OHIRO ROAD,72
THORNDON QUAY,69
WALLACE ST,68
NEWLANDS ROAD,66
MASTERTON-CASTLEPOINT ROA,65
MOOREFIELD ROAD,64
RANDWICK ROAD,62
RIMU ROAD,62
NAENAE ROAD,61
CUSTOMHOUSE QUAY,59
RAILWAY AVENUE,58
LAMBTON QUAY,56
CABLE ST,56
CONSTABLE ST,56
BROOKLYN ROAD,55
MIDDLETON ROAD,55
RUTHERFORD ST,55
FEATHERSTON ST,54
MARINE DRIVE,54
WOBURN ROAD,54
WELLINGTON ROAD,53
WHITES LINE EAST,53
GRAYS ROAD,53
KINGS CRESCENT,52
SH 53,49
CHAMPION ST,49
WAINUIOMATA ROAD,48
TAITA DRIVE,47
THE PARADE,46
OXFORD TERRACE,46
MAIN ST,46
WAIONE ST,45
DOWSE DRIVE,45
SH 2 HUTT ROAD,43
LYTTELTON AVENUE,43
MIRAMAR AVENUE,42
SEAVIEW ROAD,42
BUNNY ST,41
GIBBONS ST,41
GLENMORE ST,41
BOWEN ST,41
KNIGHTS ROAD,40
KENT TERRACE,40
TE MOANA ROAD,40
SH 1N MANA ESPLANADE,39
RONGOTAI ROAD,39
GEORGE ST,39
BROADWAY,39
RINTOUL ST,39
AOTEA QUAY,39
COLOMBO ROAD,38
TAKAPU ROAD,38
MOLESWORTH ST,38
COAST ROAD,37
COUTTS ST,37
SH 58 HAYWARDS HILL ROAD,36
CRAWFORD ROAD,36
WHITFORD BROWN AVENUE,35
CORNWALL ST,35
WEBB ST,35
TE ORE ORE ROAD,35
LAKE FERRY ROAD,33
PARUMOANA ST,33
JOHN ST,33
PARKWAY,33
WHITMORE ST,33
KAIWHARAWHARA ROAD,33
ONEPU ROAD,33
SH 2 RIVER ROAD,32
NGAUMUTAWA ROAD,32
MARINE PARADE,31
MAZENGARB ROAD,31
BLOOMFIELD TERRACE,31
MELLING LINK,30
DAYSH ST,30
MEIN ST,30
SH 1N VIVIAN ST,29
PHARAZYN ST,29
KELBURN PARADE,29
BLUE MOUNTAINS ROAD,29
ARO ST,29
CHAYTOR ST,29
FAIRWAY DRIVE,29
MAKARA ROAD,28
UPLAND ROAD,28
BRODERICK ROAD,28
RENALL ST,27
BAY ROAD,27
PARK ROAD,27
MANNERS ST,27
HARCOURT WERRY DRIVE,26
BIDWILLS CUTTING ROAD,26
BEDFORD ST,26
COBHAM DRIVE,26
TREADWELL ST,26
SEDDON ST,26
PONATAHI ROAD,25
MOOHAN ST,25
WAINUI ROAD,25
LINCOLN ROAD,24
RAUMATI ROAD,24
ONSLOW ROAD,24
WADDINGTON DRIVE,23
GRACEFIELD ROAD,23
BURMA ROAD,23
MOXHAM AVENUE,23
MAJORIBANKS ST,22
CHURCHILL DRIVE,22
TASMAN ST,22
RAROA ROAD,22
KAHUTARA ROAD,22
KILBIRNIE CRESCENT,22
ELIZABETH ST,22
GARDEN ROAD,22
HANSON ST,22
LUDLAM CRESCENT,21
UDY ST,21
MOORES VALLEY ROAD,21
MARK AVENUE,21
PRETORIA ST,21
OLD BUCKLE ST,21
OHARIU VALLEY ROAD,21
BRITOMART ST,21
RAIHA ST,21
DANIELL ST,21
HAPPY VALLEY ROAD,20
PARKSIDE ROAD,20
PORT ROAD,20
SALAMANCA ROAD,20
OMAPERE ST,20
WISE ST,20
MAJOR DRIVE,20
SLIP,20
MULGRAVE ST,20
RATA ST,20
DIMOCK ST,19
FITZHERBERT ROAD,19
MUNGAVIN OFF NBD,19
MILL ROAD,19
MITCHELL ST,19
TOTARA PARK ROAD,19
STEWART DRIVE,19
Z CARPARK,19
MOONSHINE ROAD,19
PIRIE ST,19
ABEL SMITH ST,19
TE WHITI ROAD,19
WASHINGTON AVENUE,18
HELSTON ROAD,18
LAINGS ROAD,18
NORTHLAND ROAD,18
SH 1N RUAHINE ST,18
SH 58 PAREMATA ROAD,18
MURITAI ROAD,17
COLLINS AVENUE,17
HUNTER ST,17
KING ST,17
WESTCHESTER DRIVE,17
PAIERAU ROAD,17
IHAKARA ST,17
WESTERN LAKE ROAD,17
SH 1N KARO,17
BOULCOTT ST,17
HAGLEY ST,17
EVEREST AVENUE,17
SH 1N KARO DRIVE,17
HUTT ON NBD,16
MASSEY ROAD,16
OTTAWA ROAD,16
TAUHINU ROAD,16
ALEXANDER ROAD,16
POSTGATE DRIVE,16
ACCESS ROAD,16
NGAURANGA ON NBD,16
ARAWHATA ROAD,16
BRACKEN ROAD,16
OTAIHANGA ROAD,16
RUAPEHU ST,15
POWNALL ST,15
SH 2 CHAPEL ST,15
SOUTH ROAD,15
CHURCH ST,15
HATAITAI ROAD,15
TODMAN ST,15
CENTENNIAL SBD,15
BIDWILL ST,15
MURPHY ST,15
GUILDFORD DRIVE,15
KOKOTAU ROAD,15
PARK ST,15
BRANDON ST,14
WILLESTON ST,14
REYNOLDS ST,14
TE PENE AVENUE,14
AOTAKI ST,14
PAPAKOWHAI ROAD,14
CHESTER ROAD,14
NORMANDALE ROAD,14
WHAKATIKI ST,14
POPLAR AVENUE,14
ROSETTA ROAD,14
PINE AVENUE,14
SH 1N VIVIAN,14
MANLY ST,14
OWEN ST,14
STRATHMORE AVENUE,13
CAPE PALLISER ROAD,13
OPAKI-KAIPARORO ROAD,13
GEMSTONE DRIVE,13
AWARUA ST,13
KENMORE ST,13
KHANDALLAH ROAD,13
CARTERTON GLADSTONE ROAD,13
HAMPSHIRE ST,13
FRASER AVENUE,13
NORFOLK ROAD,13
MOUNT ALBERT ROAD,13
RATANUI ROAD,13
CORTINA AVENUE,13
SH 2 RIVER,13
HINEMOA ST,13
WHITEMANS ROAD,13
FOX ST,13
WAITOA ROAD,13
SUTHERLAND ROAD,13
CONNOLLY ST,13
MACLEAN ST,13
TOTARA ST,13
RUSSELL ST,13
SH 1N COBHAM DRIVE,13
HOROKIWI ROAD WEST,13
FAIRWAY ON RAMP,13
BOX HILL,13
WADESTOWN ROAD,13
RUAHINE ST,13
DOWSE INTERCHANGE,13
MARSDEN ST,13
GRAFTON ROAD,13
RIVERBANK ROAD,13
OTAKI GORGE ROAD,12
CALEDONIA ST,12
HUTT PARK ROAD,12
UPPER PLAIN ROAD,12
COLE ST,12
MANGAROA HILL ROAD,12
WITAKO ST,12
PARK AVENUE,12
TAWA OFF NBD,12
WILTON ROAD,12
TIRANGI ROAD,12
MESSINES AVENUE,12
DEVON ST,12
WARIPORI ST,12
KOWHAI ST,12
POHUTUKAWA ST,12
OCEAN ROAD,12
BLOCK ROAD,12
WALLACEVILLE ROAD,12
BALLANCE ST,12
JELLICOE ST,12
CHILDERS TERRACE,12
HARRIS ST,11
HALSWATER DRIVE,11
GRACEFIELD ON,11
GLOUCESTER ST,11
MCPARLAND ST,11
WHITEMANS VALLEY ROAD,11
ALLEN ST,11
CASHMERE AVENUE,11
PILMUIR ST,11
SH 2 WESTERN HUTT,11
SH 2 FERGUSSON DRIVE,11
NELSON ST,11
HINAKURA ROAD,11
TASMAN ROAD,11
CRAYNE ST,11
JUDD CRESCENT,11
TE ROTO DRIVE,11
DUNCAN TERRACE,11
PROSSER ST,11
IRONSIDE ROAD,11
SH 1N WELLINGTON ROAD,11
WAERENGA ROAD,11
MOA POINT ROAD,11
NGAIO ROAD,11
KOROKORO ROAD,10
ROXBURGH ST,10
RUSSELL TERRACE,10
AOTEA ON NBD,10
HINE ROAD,10
WORKSOP ROAD,10
FRANKMOORE AVENUE,10
GLOAMING HILL,10
GEAR TERRACE,10
THE STRAND,10
BEACH ROAD,10
GLASGOW ST,10
MACDONALD CRESCENT,10
SOMME ROAD,10
HALL ST,10
HAMILTON ROAD,10
OXFORD ST,10
NGAIO GORGE ROAD,10
MANSFIELD ST,10
KEMP ST,10
SH 1N MAIN ROAD,10
JOHNSTON ST,10
STEWART DUFF DRIVE,10
VILLA ST,10
HUTCHISON ROAD,10
PAREMATA CRESCENT,10
BOLTON ST,10
TAKARAU GORGE ROAD,10
SHELLY BAY ROAD,10
CASTOR CRESCENT,10
SEVERN ST,10
SH 58 HAYWARDS HILL,10
RAROA CRESCENT,10
SH 1N SUSSEX ST,10
WILSON ST,10
HAUMIA ST,9
LYALL PARADE,9
CONCLUSION ST,9
DISCOVERY DRIVE,9
COLOMBO ST,9
TROY ST,9
SH 1N WELLINGTON,9
CENTENNIAL NBD,9
HILL ST,9
CORINNA ST,9
ESSEX ST,9
MOANA ROAD,9
BOND ST,9
GRAY AVENUE,9
GRENADA DRIVE,9
BANNISTER ST,9
HAWKESTONE ST,9
ARARINO ST,9
SH 2 HIGH ST,9
NORANA ROAD,9
BASSETT ROAD,9
VICTORY CRESCENT,9
TAINE ST,9
COCKAYNE ROAD,9
HEREFORD ST,9
BROUGHAM ST,9
BEAZLEY AVENUE,9
PALLISER ROAD,9
DUNDAS ST,9
SH 1N AMOHIA ST,9
NELSON CRESCENT,9
HOPPER ST,9
MAKARINI ST,9
MENIN ROAD,9
SIEVERS GROVE,9
TAWA OFF SBD,9
COROMANDEL ST,9
WARD ST,9
MELROSE ROAD,9
CLYDE ST,9
PEMBROKE ROAD,8
ELLICE ST,8
MORGAN ST,8
WAI-ITI CRESCENT,8
SEMPLE ST,8
WALTON LEIGH AVENUE,8
COPELAND ST,8
STOUT ST,8
HEWER CRESCENT,8
PETONE OFFRAMP NORTHBOUND,8
BEAUZAMI CRESCENT,8
GREY ST,8
BELL ROAD,8
REIKORANGI ROAD,8
NEWLANDS OFF NBD,8
LANE ST,8
BELVEDERE ROAD,8
DRIVER CRESCENT,8
SH 1N COBHAM,8
TIROHANGA ROAD,8
PERRY ST,8
GRANT ROAD,8
PARA ROAD,8
ARAWHATA ST,8
SPINNAKER DRIVE,8
LOGIE ST,8
SH 1N ST ANDREWS ROAD,8
ALEXANDRA ROAD,8
BLAIRLOGIE LANGDALE ROAD,8
TE ORE ORE-BIDEFORD ROAD,8
GLANMIRE ROAD,8
IRA ST,8
CLEVELAND ST,8
PIPITEA ST,8
PIKARERE ST,8
MOONSHINE HILL ROAD,8
FARNHAM ST,8
SH 1N PATERSON ST,8
GOLF ROAD,8
MAUPUIA ROAD,8
HILL ROAD,8
FROBISHER ST,8
Z CPK NEW WORLD,8
LENNEL ROAD,8
CARLTON GORE ROAD,8
TAURIMA ST,8
VALLEY ROAD,7
RICHMOND ST,7
WESTMEATH ST,7
HINAU ST,7
CHESTERTON ST,7
LONGBUSH ROAD,7
LUXFORD ST,7
MATATUA ROAD,7
TE WHARAU ROAD,7
AKAROA DRIVE,7
GRIERSON ST,7
Z DRIVEWAY,7
SHORT ST,7
HAWKER ST,7
PETONE ON SBD,7
QUEENS ROAD,7
THOMPSON ST,7
HEBDEN CRESCENT,7
HOLBORN DRIVE,7
MERCER ST,7
MCLEOD ST,7
FREDERICK ST,7
SH 1N RUAHINE,7
MARTIN ST,7
RIMU ST,7
BUCKLE ST,7
KURIPUNI ST,7
WARING TAYLOR ST,7
ADELAIDE ST,7
PANAMA ST,7
ASTROLABE ST,7
CURTIS ST,7
WI NEERA DRIVE,7
SH 1N RUGBY ST,7
STEYNE AVENUE,7
AMOHIA ST,7
MIRO ST,7
RIVERSIDE DRIVE NORTH,7
MEMORIAL DRIVE,7
CORNWALL ROAD,7
FIELD ST,7
VOLGA ST,7
ROSS ST,7
BATCHELOR ST,7
MUNGAVIN OFF SBD,7
MAHORA ST,7
LINCOLN AVENUE,7
HORNSEY ROAD,7
WOODMAN DRIVE,7
HUNGERFORD ROAD,7
MAIDA VALE ROAD,7
AITKEN ST,7
WOOD ST,7
NEWLANDS OFF SBD,7
CALIFORNIA DRIVE,6
FRASER ST,6
RIVERSIDE DRIVE CENTRAL,6
MASTERTON-STRONVAR ROAD,6
NEWTOWN AVENUE,6
LEIGHTON AVENUE,6
GORDON ST,6
SH 2 FITZHERBERT ST,6
HIKURANGI ST,6
MAIRANGI ROAD,6
BELL ST,6
BLAIR ST,6
MYRTLE ST,6
SH 1N DUFFERIN,6
OHARIU ROAD,6
THANE ROAD,6
JAMES COOK DRIVE,6
BLENHEIM ST,6
AYTON DRIVE,6
GANGES ROAD,6
AURORA TERRACE,6
BROWN ST,6
LIARDET ST,6
JOSEPH BANKS DRIVE,6
BUICK ST,6
BUCKLEY ROAD,6
DEVONSHIRE ROAD,6
BROKEN HILL ROAD,6
HOBART ST,6
CECIL ROAD,6
MARGARET ST,6
TE PUKE ST,6
MONTAGUE ST,6
GODLEY ST,6
MERSEY ST,6
ROBERTS ROAD,6
HOUGHTON BAY ROAD,6
OREGON DRIVE,6
GROUNSELL CRESCENT,6
RAHUI ROAD,6
MCKILLOP ST,6
MORETON ROAD,6
SH 1N KENT TERRACE,6
AWA ROAD,6
PRINCESS ST,6
HOROKIWI ROAD,6
SH 1N PATERSON,6
BIRDWOOD ST,6
HERBERT ST,6
TE PUNI ST,6
TENNYSON ST,6
MICHAEL ROAD,6
ENDEAVOUR ST,6
AKURA ROAD,6
TE HORO BEACH ROAD,6
MARTIN ROAD,6
CASTLEREA ST,6
EAST TARATAHI ROAD,6
SH 1N CALABAR ROAD,6
THE RAMP,6
TACY ST,6
MCLELLAN ST,5
TUTERE ST,5
PARA ST,5
NICHOLSON ROAD,5
PINEHILL CRESCENT,5
TRENT ST,5
KILN ST,5
MANAWA AVENUE,5
DALEFIELD ROAD,5
WEST ST,5
HILLCREST ROAD,5
KAMAHI ST,5
LORD ST,5
CLOUSTON PARK ROAD,5
RANGIURU ROAD,5
JOHNSONVILLE OFF SBD,5
WIGAN ST,5
HAY ST,5
GLOVER ST,5
DELANEY DRIVE,5
SH 2 OPAKI,5
GOA ST,5
JESSIE ST,5
RAUKAWA ST,5
KAURI ST,5
KENT ST,5
SH 2 HIGH,5
MORERE ST,5
MARY CRESCENT,5
MAY ON NBD,5
WHITE ROCK ROAD,5
RANGITUHI CRESCENT,5
WHAREMAUKU ROAD,5
WINGATE CRESCENT,5
PETONE OFF NBD,5
TOCKER ST,5
GEAR ST,5
INGLEWOOD PLACE,5
WINARA AVENUE,5
HENRY ST,5
BANNISTER AVENUE,5
CAMPBELL ST,5
RANDWICK CRESCENT,5
FREYBERG ST,5
EATWELL AVENUE,5
HALIFAX ST,5
NORFOLK ST,5
OLD KARORI ROAD,5
MILLS ROAD,5
MOERAKI ROAD,5
KATE SHEPPARD PLACE,5
MOHAKA ST,5
KING CHARLES DRIVE,5
NEVIS ST,5
PARKVALE ROAD,5
JAMAICA DRIVE,5
TRAFALGAR SQUARE,5
SH 2 CHAPEL,5
HERIOT DRIVE,5
BREAKER BAY ROAD,5
GUTHRIE ST,5
Z CPK COUNTDOWN,5
MILTON ST,5
PARKES LINE ROAD,5
BRIDGE ST,5
CLIFTON TERRACE,5
SH 2 OPAKI ROAD,5
STAFFORD ST,5
KINGSFORD SMITH ST,5
PARLIAMENT ST,5
CAMERON CRESCENT,5
KENYA ST,5
MANCHESTER ST,5
SEATOUN HEIGHTS ROAD,5
SH 1N DUFFERIN ST,5
PLATEAU ROAD,5
SALFORD ST,5
MONORGAN ROAD,5
AVON ST,5
YULE ST,5
FARMER CRESCENT,5
HOLLOWAY ROAD,5
BEAUCHAMP ST,4
WAIPAPA ROAD,4
SH 1N ARTHUR ST,4
KAKA ST,4
GOLDERS ROAD,4
OATES ST,4
EVERTON TERRACE,4
FRASER CRESCENT,4
SH 2 HUTT,4
MONTGOMERY CRESCENT,4
SH 2 HIGH ST NORTH,4
NIKAU PALM ROAD,4
HOLLAND ST,4
TRAFALGAR ST,4
SH 2 MAIN ST,4
WAIKOWHAI ST,4
PENROSE ST,4
KAPITI LIGHTS,4
WAIHORA CRESCENT,4
MATENE ST,4
DESERT GOLD ST,4
VOGEL ST,4
MANA VIEW ROAD,4
TERRACE OFF SBD,4
LAMBLEY ROAD,4
HARRISON CRESCENT,4
EAST COAST ROAD,4
EMMETT ST,4
MEREMERE ST,4
DERWENT ST,4
KOTUKU ST,4
ONEPOTO ROAD,4
GRACEFIELD OFF,4
JUSTINE ST,4
AIRLIE ROAD,4
BOUVERIE ST,4
SH 2 MAIN ROAD NORTH,4
VIEW ROAD,4
ROYAL ST,4
BEACH ST,4
TANERA CRESCENT,4
RIWAI ST,4
ARLINGTON ST,4
KENSINGTON AVENUE,4
COCHRANE ST,4
ASHTON FITCHETT DRIVE,4
ARAHURA CRESCENT,4
LONDON ROAD,4
RATA ROAD,4
ANTRIM CRESCENT,4
COCKBURN ST,4
POPE ST,4
MULBERRY ST,4
LAVAUD ST,4
WILLOWBANK ROAD,4
BRUNSWICK ST,4
AUSTIN ST,4
HAPUA ST,4
GILMER TERRACE,4
BELVEDERE AVENUE,4
NEWLANDS ON NBD,4
WILKIE CRESCENT,4
DARLINGTON ROAD,4
SH 1N SUSSEX,4
BELLEVUE ROAD,4
CHAFFERS ST,4
Z TRACK,4
UPPER WAINGAWA ROAD,4
PETRIE ST,4
HOBSON ST,4
COBHAM COURT,4
HARLEY ST,4
GLEN ROAD,4
TAWA ST,4
HOLDSWORTH AVENUE,4
EARP ST,4
FITZHERBERT ST,4
EVANS ST,4
MARION ST,4
TENNYSON AVENUE,4
COLLEGE ST,4
KIRK ST,4
JOHNSTONE ST,4
SHAKESPEARE AVENUE,4
COLLINGWOOD ST,4
WESTCHESTER DRIVE EAST,4
LINDEN AVENUE,4
PURIRI ST,4
YORK ST,4
MIRAMAR NORTH ROAD,4
ULRIC ST,4
AWAMUTU GROVE,4
TUKANAE ST,4
KARAKA ST,4
ALLINGTON ROAD,4
ROTHERHAM TERRACE,4
RICHMOND AVENUE,4
MIROMIRO ROAD,4
RIVERBANK ST,4
MCLINTOCK ST,4
MAKORA ROAD,4
RUSKIN ROAD,4
DUNSTAN ST,4
HAYWARDS ON NBD,4
SKEETS ROAD,4
KURA ST,4
SUNSET PARADE,4
WAIUTA ST,4
SLIP ROAD,4
Z BEACH,4
FINDLAY ST,4
BLACK ROCK ROAD,4
ORANGI KAUPAPA ROAD,4
CHURTON CRESCENT,4
INGLIS ST,4
RUGBY ST,4
CEDAR DRIVE,4
SOUTH BELT,4
FRANCES BROWN AVENUE,4
SCHOOL ROAD,4
BOULD ST,4
ANNE ST,4
STOKE ST,4
JOHNSONVILLE ON SBD,4
PHILLIP ST,4
NO 1 LINE,4
ARIKI ST,4
KEIR CRESCENT,4
AHURIRI ST,4
KARAKA BAY ROAD,4
REGENT ST,4
KIPPENBERGER ST,3
OKOWAI ROAD,3
COLSON ST,3
MANOR DRIVE,3
BEAUMARIS CRESCENT,3
PEARCE CRESCENT,3
STOCKDALE ST,3
HOWARD ROAD,3
HAWKINS ST,3
GILLESPIES ROAD,3
WHITEHOUSE ROAD,3
SUNSHINE AVENUE,3
MATATIRO ST,3
BIRCH ST,3
BLACKBRIDGE ROAD,3
STATION ROAD,3
AUGUST ST,3
MABEY ROAD,3
MELLING ROAD,3
SH 53 KITCHENER ST,3
UPPER MANAIA ROAD,3
LOGAN ST,3
HALLADALE ROAD,3
PATERSON ST,3
SPENMOOR ST,3
PEHI KUPA ST,3
ST ALBANS GROVE,3
KAIKOURA ST,3
CEDAR ST,3
DONOVAN ROAD,3
PERRYS ROAD,3
NORRIE ST,3
CAMBRIDGE ST,3
KAHU ROAD,3
KIPLING ST,3
HILLCREST ROAD NORTH,3
CROYDON ST,3
MILNE DRIVE,3
HALSWELL ST,3
SIDLAW ST,3
HOWELL ROAD,3
DUKE ST,3
WEST BUSH ROAD,3
SILVERSTREAM ROAD,3
EPUNI ST,3
ROSE ST,3
WATERFALL ROAD,3
CAMPERDOWN ROAD,3
POTO ROAD,3
BOWERS ST,3
BARNETT ST,3
WILLIAM ST,3
SALEK ST,3
KAITOKE WATERWORKS ROAD,3
TAWA ON SBD,3
GIBSON CRESCENT,3
ANDREW ST,3
NORTH ST,3
DALY ST,3
BLEDISLOE CRESCENT,3
WESTMERE ROAD,3
MATAI ROAD,3
EBOR ST,3
BENTLEY ST,3
QUEBEC ST,3
RAILWAY SLIP,3
LEES PAKARAKA ROAD,3
COASTLANDS PARADE,3
MOELLER ST,3
KOHEKOHE ROAD,3
THIRD ST,3
PEKA PEKA ROAD,3
HARRIETT ST,3
WATT ST,3
ENDEAVOUR DRIVE,3
HANKEY ST,3
MURPHY OFF SBD,3
HARTFORD CRESCENT,3
WESTERN HUTT ON NBD,3
ERLESTOKE CRESCENT,3
SYLVAN AVENUE,3
TAYLOR TERRACE,3
PERCY CAMERON ST,3
CENTENNIAL SLIP ROAD,3
CROFTON ROAD,3
WINGATE OVERBRIDGE,3
MOTUROA ST,3
MONRO ST,3
CHARLES ST,3
THE ESPLANADE SLIP,3
HARBOUR VIEW ROAD,3
LEEWARD DRIVE,3
OVERTOUN TERRACE,3
WALTERS ST,3
DUNCAN ST,3
GREENWOOD PLACE,3
LEINSTER AVENUE,3
RANUI CRESCENT,3
EVANS BAY PARADE S,3
TIO TIO ROAD,3
POOLE CRESCENT,3
MANLEY TERRACE,3
BALFOUR ST,3
TRUSCOTT AVENUE,3
UNION ST,3
BARNARD ST,3
BUSH ST,3
DURHAM ST,3
MONTGOMERY AVENUE,3
PALMER CRESCENT,3
HAUTANA ST,3
RAKAU ROAD,3
KARORI TUNNEL,3
DARWIN ST,3
NORTHUMBERLAND ST,3
FLUX ROAD,3
CAMBRIDGE SLIP,3
KAPANUI ROAD,3
ARTHUR ST,3
MCHARDIE ST,3
GRENVILLE ST,3
UPOKO ROAD,3
WALKER GROVE,3
ANNIE HUGGAN GROVE,3
FAIRLIE TERRACE,3
TAWHAI ST,3
FLEET ST,3
DUTHIE ST,3
RIVERSDALE ROAD,3
FRENCH ST,3
PIKO ST,3
ARGENTINE AVENUE,3
WALTON ROAD,3
MUNGAVIN ON NBD,3
PITO-ONE ROAD,3
JUDDS ROAD,3
TAKAPUWAHIA DRIVE,3
TUTANEKAI ST,3
FACILITY ACCESS,3
HAWTHORN CRESCENT,3
BAYLANDS DRIVE,3
PINEHAVEN ROAD,3
DAVIDSON CRESCENT,3
MAUNGARAKI ROAD,3
GUINESS ST,3
BRITANNIA ST,3
RAINE ST,3
THE RAMP ON NBD,3
DURHAM CRESCENT,3
WILFORD ST,3
STONE ST,3
THOMAS ST,3
TITOKI ST,3
WEGGERY DRIVE,3
TORRENS TERRACE,3
GEANGE ST,3
AMAPUR DRIVE,3
WEKA ST,3
GOODSHED ROAD,3
MARKET GROVE,3
MAUNGAKOTUKUTUKU ROAD,3
THAMES ST,3
CAMP ST,3
AWATEA ST,3
FURLONG CRESCENT,3
TIRETI ROAD,3
HECTOR ST,3
SOUTH KARORI ROAD,3
SH 2 FITZHERBERT,3
TINAKORI OFF NBD,3
CAMBRIAN ST,3
RODNEY ST,3
THORNLEY ST,3
MALONE ROAD,3
HOMEWOOD AVENUE,3
WYNDRUM AVENUE,3
CAMPBELL TERRACE,3
SH 1N RUGBY,3
Z DWY,3
NGATIAWA ROAD,3
HOMEWOOD ROAD,3
TE ANAU ROAD,3
ROSENEATH TERRACE,3
HORLOR ST,3
WHITEHEAD ROAD,3
MCKINLEY CRESCENT,3
CHURTON DRIVE,3
NGARARA ROAD,3
WESTERN HUTT OFF NBD,3
HOLLANDS CRESCENT,3
RUTHERFORD DRIVE,3
OWHIRO BAY PARADE,3
MANGAROA VALLEY ROAD,3
KURATAWHITI ST,3
FANTAME ST,3
WILLOW PARK DRIVE,3
KARAMU CRESCENT,3
PARENGA ST,3
WHITFORD OFF NBD,3
KIBBLEWHITE ROAD,3
KAITANGATA CRESCENT,3
TE KUPE ROAD,3
NEWCOMBE ST,3
MARAE LANE,3
SH 2 MAIN,3
KIRKCALDY ST,3
EAST ST,3
BRISTOL ROAD,3
LORNE ST,3
TOOP ST,3
DE CASTRO PLACE,2
GEORGE BOLT ST,2
THE RIGI,2
GADSBY ST,2
CLENDON ST,2
ST MICHAELS CRESCENT,2
CLIFTON GROVE ROAD,2
THE COMPANIONWAY,2
SIMS ROAD,2
BEACON HILL ROAD,2
WHITLEY AVENUE,2
MICHAEL ST,2
SH 1N AMOHIA,2
TOWNSEND ROAD,2
MANUKA AVENUE,2
SHEFFIELD ST,2
ROUTLEY CRESCENT,2
THORNYCROFT AVENUE,2
MARGARET ROAD,2
EXCHANGE ST,2
GLENMORVEN ROAD,2
TUTU PLACE,2
JUPITER GROVE,2
BOSCOBEL LANE,2
COOPER ST,2
HOROEKA ST,2
MADRAS ST,2
CALABAR ROAD,2
OXFORD CRESCENT,2
PORUTU ST,2
ISLINGTON ST,2
NGATURI GROVE,2
MAUI POMARE ROAD,2
TAMA ST,2
RAKIHAU PLACE,2
WHENUA VIEW,2
TAVERNER ST,2
HUIAWA ST,2
NAIRN ST,2
DRANSFIELD ST,2
WRIGHT ST,2
DONALD ST,2
TINAKORI ON NBD,2
HARDY ST,2
EMERALD GLEN ROAD,2
OSWALD CRESCENT,2
MORTIMER TERRACE,2
CLIFTON ON NBD,2
NICOLAUS ST,2
SOMERSET ROAD,2
WESTMINSTER ROAD,2
NASSAU AVENUE,2
AUTY LANE,2
SHANLY ST,2
HUGHES CRESCENT,2
CASEL ST,2
COBHAM COURT S,2
PLUNKET ST,2
KINGSLEY ST,2
APU CRESCENT,2
SOLWAY CRESCENT,2
MALLARD GROVE,2
KARO DRIVE,2
BRANSCOMBE ST,2
EUSTON ROAD,2
MOHUIA CRESCENT,2
KELBURN VIADUCT,2
CHELSEA ST,2
ERRIS ST,2
LEICESTER ST,2
NATHAN AVENUE,2
JOHNSONVILLE ON NBD,2
HAIG ST,2
WHANGAEHU VALLEY ROAD,2
EBDENTOWN ST,2
PITT ST,2
MARY ST,2
KAITUNA ST,2
BULLS RUN ROAD,2
THE RIDGEWAY,2
MILLARD AVENUE,2
MAHER PLACE,2
ABILENE CRESCENT,2
ARTHUR CARMAN ST,2
WALTER ST,2
MELBOURNE ROAD,2
RIDDLERS CRESCENT,2
GOTHIC ST,2
WOODSIDE ROAD,2
CORADINE ST,2
REALM DRIVE,2
MASTERS CRESCENT,2
CHESHIRE ST,2
CORNWALL CRESCENT,2
TIROWHANGA ROAD,2
VICTORY AVENUE,2
MONTREAL GROVE,2
ALBATROSS CLOSE,2
KING EDWARD ST,2
IZARD ROAD,2
KATHERINE MANSFIELD DRIVE,2
SEATOUN TUNNEL,2
PETONE ONRAMP SOUTHBOUND,2
MORRISON ROAD,2
DOWSE OFF SBD,2
HUIA ST,2
ROBERTS ST,2
TE MANUAO ROAD,2
LUDLAM ST,2
BRADLEY LANE,2
MOUNT MARUA DRIVE,2
GROVE ROAD,2
KERKWALL DRIVE,2
ELLIOTT ST,2
STRATTON ST,2
DOMINION PARK ST,2
MATARAWA ROAD,2
FITZHERBERT TERRACE,2
REDWOOD AVENUE,2
GURNEY ROAD,2
MUMBY LANE,2
BROOK ST,2
Z CPK,2
PETERKIN ST,2
TARARUA ST,2
PURUATANGA ROAD,2
ACACIA AVENUE,2
SH 1N KENT,2
MURRAY COURT,2
MERCURY WAY,2
BURNHAM ST,2
POOLE ST,2
TREBANN ST,2
MCCOLL ST,2
WANAKA ST,2
OWHITI ST,2
REDWOOD ST,2
PAREMATA LINK NTH,2
LION COURT,2
KAIPAITANGATA ROAD,2
TOTARA ROAD,2
NGATITOA ST,2
UPPER FITZHERBERT ROAD,2
MOUNT PLEASANT ROAD,2
CAMBRIDGE ROAD,2
SINGERS ROAD,2
HAWKESTONE OFF SBD,2
SOUTH MAKARA ROAD,2
AMUNDSEN GROVE,2
RIMUTAKA ST,2
TENNIS COURT ROAD,2
Z ACCESSWAY,2
STONEFIELD PLACE,2
MCKENNA ST,2
SHOOTING BUTTS ROAD,2
TE MUNA ROAD,2
KOKIRI CRESCENT,2
WHEATLEY ST,2
MOFFITT ST,2
HIROPI ST,2
COMMERCE CRESCENT,2
SH 2 HIGH ST SOUTH,2
CLELAND CRESCENT,2
DAVIS CRESCENT,2
BRUSSELS ST,2
HOME ST,2
HERETAUNGA SQUARE,2
HIRA ST,2
THURLEIGH GROVE,2
SH 58 PAREMATA-HAYWARDS,2
TE HAPUA ROAD,2
THOMPSON GROVE,2
TRURO ROAD,2
ELLESMERE AVENUE,2
SPEARGRASS GROVE,2
VICTORIA SLIP,2
WILLCOX GROVE,2
RUAKOKOPUTUNA ROAD,2
SUNHAVEN DRIVE,2
TOTARA CRESCENT,2
KEYS ST,2
DAVIS ST,2
KAREPA ST,2
FISK ST,2
RENOWN ROAD,2
BURGESS ROAD,2
ORIENTAL TERRACE,2
RODRIGO ROAD,2
MAWHARE ST,2
WAIOHINE GORGE ROAD,2
CONNAUGHT TERRACE,2
TIROMOANA ROAD,2
BELL ROAD SOUTH,2
RAJKOT TERRACE,2
DONALD MCLEAN ST,2
TOPAZ ST,2
KIRIWAI ROAD,2
VOGEL CRESCENT,2
MATAI ST,2
SEFTON ST,2
WATSONS ROAD,2
SIGNALLERS GROVE,2
JETTY ROAD,2
TYRONE GROVE,2
SH 1N BUCKLE,2
MOROA ROAD,2
PEMBROKE ST,2
MERTON ST,2
WAITOHU VALLEY ROAD,2
DOMAIN ROAD,2
CROFT GROVE,2
KIWI ROAD,2
BAY DRIVE,2
NORMANBY ST,2
TIFFIN ROAD,2
TE MOME ROAD,2
MURCHISON ST,2
NAVIGATION DRIVE,2
Z CPK MITRE 10,2
APPLE TERRACE,2
LEVY ST,2
MORNINGTON ROAD,2
MANA ST,2
WOODLAND ROAD,2
KONINI ROAD,2
PARATA ST,2
HILDRETH ST,2
MATAIKONA ROAD,2
WEYMOUTH GROVE,2
FYVIE AVENUE,2
BURCHAM ST,2
ROUTEBURN AVENUE,2
OPAPA ST,2
KEBBELL GROVE,2
FORTUNATUS ST,2
OLD PORIRUA ROAD,2
PENGUIN GROVE,2
CHURCHILL AVENUE,2
KINGHORNE ST,2
TRASK PLACE,2
WOODVALE GROVE,2
WAITEATA ROAD,2
HIWI CRESCENT,2
DORKING ROAD,2
BRUCE ST,2
WITHAM ST,2
HAWTREY TERRACE,2
MEDWAY ST,2
COATES ST,2
HUMPHREYS GROVE,2
NEVAY ROAD,2
ROY ST,2
HESSEY ST,2
SERVICE LANE,2
NATONE ST,2
KONINI ST,2
GROVES ROAD,2
WHITFORD ON NBD,2
DRUMMOND CRESCENT,2
HUGHES LINE,2
COLVILLE ST,2
TE HORO-HAUTERE CROSS ROA,2
LEES GROVE,2
Z BP SERVICE STATION,2
WARWICK ST,2
HANSON GROVE,2
HARGREAVES ST,2
PECK ST,2
EDGE HILL,2
TE PUIA DRIVE,2
ALBERT ST,2
THE DRIVE,2
HINAU GROVE,2
ROLLESTON ST,2
RAILWAY OBR,2
HARDHAM CRESCENT,2
NGAUMU ROAD,2
HAZLEWOOD AVENUE,2
COLLIER AVENUE,2
TRINITY AVENUE,2
SOMES CRESCENT,2
ONO ST,2
WAIRERE ROAD,2
PLYMOUTH ST,2
WATSON ST,2
WHA ST,2
DE MENECH GROVE,2
HANDYSIDE ST,2
FLERS ST,2
DUDLEY ST,2
LAERY ST,2
WINDLEY ST,2
HERALD ST,2
THIRLMERE ST,2
MILLARS ROAD,2
MOUNT HOLDSWORTH ROAD,2
MASSEY ST,2
FERRY TERMINAL ACCESS ROA,2
HOMEDALE ROAD,2
ADAMS TERRACE,2
JOHN SIMS DRIVE,2
RIVER ROAD,2
ELMSLIE ROAD,2
MANUKA ST,2
MANAIA ROAD,2
CARTERS LINE,2
FERGUSSON ST,2
TAHI ST,2
HATTON ST,2
MIRANDA ST,2
KILKERRAN PLACE,2
TAVISTOCK ROAD,2
AGLIONBY ST,2
PEMPSEY ST,2
CHARTWELL DRIVE,2
LYNDHURST ROAD,2
QUEENS GROVE,2
RAUPARAHA ST,2
BURDEN AVENUE,2
DISRAELI ST,2
BIRD GROVE,2
MEMORIAL SQUARE,2
BENGAL ST,2
PARAKAI ST,2
RACECOURSE ROAD,2
Z CPK PAK N SAVE,2
STANLEY ST,2
ROPATA CRESCENT,2
TREVETHICK GROVE,2
NORTON PARK AVENUE,2
FALKIRK AVENUE,2
STAITHES DRIVE NORTH,2
TE RAUPARAHA ST,2
BIDDLE CRESCENT,2
BUCKINGHAM ST,2
COLOGNE ST,2
MARINA GROVE,2
CRIEFF ST,2
SAR ST,2
TE ROTO ROAD,2
TE MAIRE ROAD,2
FREEMANS ROAD,2
CHAPEL ST,2
AOTEA OFF SBD,2
DOWSE OFF NBD,2
REEF ST,2
FIRTH TERRACE,2
HARRISON ST WEST,2
THE TRACK,1
MILLWOOD PLACE,1
Z BCH BEACH CASTLEPOINT,1
MCENROE GROVE,1
WARSPITE AVENUE S,1
KOROMIKO ROAD,1
OWHITI ST E,1
LEONARDS ROAD,1
Z CPK SPOTLIGHT,1
CRANWELL ST,1
Z CPK ROSINA FELL LANE,1
MCEWEN CRESCENT,1
GALWAY ST,1
VIEWMONT DRIVE,1
DART CRESCENT,1
DOWNER ST,1
DOVER ST,1
ANDERSONS LINE,1
GLENWOOD GROVE,1
Z FCT CANNONS CREEK,1
LEWER ST,1
SHANNON ST,1
SPRINGFIELD TERRACE,1
SOLWAY AVENUE,1
Z DRIVE MCLEOD ST,1
WINDSOR ST,1
PAREMATA ON SBD,1
PAREMATA DRIVE,1
CHURTON PARK OFF NBD,1
Z DWAY 6 FLORIO TCE,1
FOREST ROAD,1
SH 2 FERGUSSON,1
ARIKI ROAD,1
PEEL PLACE,1
AKATEA ST,1
WAYSIDE WEST,1
MONAGHAN AVENUE,1
MONTGOMERY ST,1
Z KAMAHI PARK,1
COBAR CLOSE,1
QUEENS WHARF,1
DOWNES ST,1
WHITES LINES EAST,1
DUMONT PLACE,1
SURREY ST,1
GOLDSBOROUGH AVENUE,1
IDAHO PLACE,1
SOLANDER PLACE,1
KAKA ROAD,1
MILLER PLACE,1
AKATARAWA CEMETERY,1
Z FCT SHELL,1
CARDIFF CRESCENT,1
REUBEN AVENUE,1
FLOTILLA PLACE,1
RAKIHUA PLACE,1
TAIT CRESCENT,1
BURKE GROVE,1
ANTICO ST,1
MEADOWS AVENUE,1
HUANGARUA ROAD,1
SETTLEMENT ROAD,1
ROWE PARADE,1
PETONE OFFRAMP NBD,1
SUNRISE BOULEVARD,1
Z CPK MIRAMAR NORTH SCHOO,1
SYDNEY ST,1
Z JOHNSONVILLE ROAD,1
WATSON DRIVE,1
PUKAKI GROVE,1
DUPPA ST,1
FENWICKS LINE,1
SH 53 REVANS,1
DAKINS ROAD,1
RINTOUL GROVE,1
DALTON GROVE,1
SLADDEN ST,1
ADDINGTON ROAD,1
PADNELL CRESCENT,1
ESKDALE ROAD,1
SHIPS COVE,1
TE WHITI SETTLEMENT ROAD,1
SUNNYVIEW DRIVE,1
TAKAHE ST,1
KAINUI ROAD,1
CAPRERA ST,1
LODGE DRIVE,1
GLENSIDE ROAD,1
THE CRESCENT,1
Z SUPER VALUE CARPARK,1
PANORAMA DRIVE,1
KUPE DRIVE,1
LOCKWOOD CRESCENT,1
ARMOUR AVENUE,1
Z CAR PARK,1
BRISTOL ST,1
JAUNPUR CRESCENT,1
MARKET LANE,1
ZCPK MITRE 10,1
Z DWAY WGTN HOSPITAL,1
KINGSTON ST,1
CRESSWELL PLACE,1
SEDDON TERRACE,1
Z CPK LES MILLS GYM,1
MILLVALE ST,1
WILTONS ROAD,1
ANTHONY GROVE,1
Z PASCOE AVENUE W,1
Z CPK MCDONALDS,1
PROSPECT TERRACE,1
HARTHAM PLACE SOUTH,1
MURRAY ST,1
Z FCT SHELL& MCDONALDS,1
LYDNEY PLACE NORTH,1
ROIRI WAY,1
KNIGHTS ROIAD,1
MASON ST E,1
CARBINE PLACE,1
TE PARAE ROAD,1
CLARK ST,1
BRIGHTON ST,1
Z CPK C/DOWN MOOREFIELD R,1
CASHEW ST,1
WHANGA CRESCENT,1
MILITARY ROAD,1
REGENT DRIVE,1
BRORA CRESCENT,1
Z CPK KFC KILBIRNIE,1
WOODRIDGE DRIVE,1
NAPLES ST,1
HAROLD GROVE,1
MAHOE ST,1
ROBERT ST,1
RAHUI ST,1
GROSVENOR TERRACE,1
ALEXANDER PLACE,1
NORMAN AVENUE,1
Z CPK HILL STREET,1
CENTRAL TERRACE,1
WILKIE CRESCENT W,1
BRAITHWAITE ST,1
Z CPK WAIKANAE COUN/LODGE,1
CHAPMAN ST,1
Z RECYCLING LAYBY,1
YOUNG GROVE,1
Z PAEKAKARIKI BEACH,1
Z DWAY WI NEERA DRIVE,1
Z ALAMEIN AVENUE,1
Z CPK PETONE STN,1
SAN SEBASTIAN ROAD,1
Z BEACH ACCESS ROAD,1
ELM ST,1
Z NEW ROAD PERRY ST,1
SH 2 WESTERN HUTT ROQAD,1
Z CAR PARK CRITERION LANE,1
ASCOT ST,1
LYTTELTON AVENUE S,1
Z GRASS AREA,1
AWANUI DRIVE,1
WELD ST,1
LIMERICK GROVE,1
Z CPK PAC N SAVE,1
WOODWARD ST,1
FLORENCE ST,1
CALYPSO ST,1
JOSEPHS ROAD,1
FULLERTON GROVE,1
HAURANGI ROAD,1
RIXON GROVE,1
DONNELLEY DRIVE,1
HAINING ST,1
PONSONBY ROAD,1
LIPMAN ST,1
MONTEITH GROVE,1
Z WALKWAY RED ROCKS,1
PICKERING ST,1
LINWOOD DRIVE,1
TORQUAY TERRACE,1
BOWES CRESCENT,1
OLD COACH ROAD SOUTH,1
GREYFRIARS CRESCENT,1
LANDFILL ROAD,1
PAREMATA ROAD,1
YARROW PLACE,1
BALLINGER PLACE,1
VENICE ST,1
RAWHITI ROAD,1
BANKSIA GROVE,1
WAIHEMO ST,1
GORDON ROAD,1
Z DWAY TAMA ST,1
GEORGES ROAD,1
SH 2 W,1
ELIZABETH AVENUE,1
KANDY CRESCENT,1
LONSDALE CRESCENT,1
HAMPTON COURT,1
DERWENT LEE GROVE,1
CAMERON ST,1
Z MASSEY UNIVERSITY,1
ASHDOWN WAY,1
FAIRWAY ON SBD,1
LINDUM TERRACE,1
CAMPION ROAD,1
WHAREKAURI ST,1
Z DWAY JAMES COOK,1
KNOLL ST,1
COTSWOLD CRESCENT,1
Z STOP BANK TAITA DRIVE,1
WAIRERE DRIVE,1
STRASBOURGE ST,1
HODGINS GROVE,1
CRAWFORD GREEN,1
Z DWAY PRIVATE ROAD,1
NAVER PLACE,1
PILCHER CRESCENT,1
THOMSON GROVE,1
Z GANNET WAY,1
MILNE TERRACE,1
Z CPK BELMONT DOMAIN,1
PATRICK ST,1
CARLTON ST,1
BOOTHBY GROVE,1
HARINGA ROAD,1
Z CPK COASTLANDS,1
TRELAWNEY ROAD,1
SH 1N MANA ESPLANADE N N,1
CUNLIFFE ST,1
BENGE CRESCENT,1
WHANAKE ST,1
Z CPK TREADWELL SHOPS,1
PURVIS ST,1
PAUL ST,1
SACKVILLE ST,1
Z BCH WAIKANAE BEACH,1
WESTERN HUTT ROAD,1
WRIGLEY ST,1
CONNELLY WAY,1
AORANGI TERRACE,1
CRAWFORD ST,1
JILLETT ST,1
HERLIHY LANE,1
DEVON PLACE,1
MCKELVEY PLACE,1
EXCELLENCY TERRACE,1
KENEPURU ROAD,1
LUPIN ROAD,1
PERCY KINSMAN CRESCENT,1
RANGOON ST,1
AVA ST,1
SUNSTONE CRESCENT,1
MARTIN SQUARE,1
UPPER HARBOUR MOTORWAY,1
LEADLEY LANE,1
TRINIDAD CRESCENT,1
WHITIREIA ROAD,1
FABIANS ROAD,1
BANK ROAD,1
VISTA CRESCENT,1
APLIN TERRACE,1
NIKAU ROAD,1
PARALLEL ACCESS,1
WATERSTONE AVENUE,1
DOLLY VARDEN CRESCENT,1
MARSH WAY,1
Z CPK N/W RIDDIFORD ST,1
OLIVERS ROAD,1
KILSYTH ST,1
Z FCT SHELL CNR,1
HAMERTON ST,1
AMOKURA ST,1
BYRON ST,1
SH 1N VIVIAN ST W,1
MARCHBANKS ST,1
BLEDISLOE ST,1
HINDIPUR TERRACE,1
MARTIN SQUARE N,1
MESSINES ROAD,1
ELDON GROVE,1
CHELMSFORD ST,1
SH 1N RUAHINE ROAD,1
MAADI PLACE,1
BOULCOTT SLIP,1
PRIESTS AVENUE,1
NIAGARA ST,1
NORWAY ST,1
TYERS ROAD,1
SHELL LANE,1
LITTLE PIPITEA ST,1
TUNAPO ROAD,1
MOTUHARA ROAD,1
NGATA GROVE,1
GUTHRIE CRESCENT,1
TAUHERENIKAU DIVERSION RO,1
Z CPKBOULCOTT SCHOOL,1
BICKNELLS ROAD,1
TRADES ROAD,1
GRAFTON ROAD N,1
SYDNEY ST WEST,1
RICHMOND ROAD,1
GILLESPIE ST,1
FRETHEY GROVE,1
PATEA PLACE,1
CALCUTTA ST,1
WILLIAM EARP PLACE,1
30 M W GOTHIC ST,1
TUI ROAD,1
ARKO PLACE,1
MILES CRESCENT,1
WAIMANU ROAD,1
ARIZONA GROVE,1
HUATOKI ST,1
Z DWAY,1
HUGH DUNCAN ST,1
PORTSMOUTH ROAD,1
KOTIPU PLACE,1
WYE ST,1
CORLETT ST,1
Z CPK BURGER FUEL,1
LOCHY ST,1
AGRA CRESCENT,1
TAHI ROAD,1
HAVANA RISE,1
MANDERSON GROVE,1
Z WALKWAY,1
LYON ST,1
MILLERS ROAD,1
FOREMAN JURY ROAD,1
CLERMONT TERRACE,1
FORD ROAD,1
WAIMEA ROAD,1
MORTON ST,1
MO ST,1
Z CPK WESTFIELD MALL,1
SOUTHGATE ROAD,1
MOSELLE ST,1
HERETAUNGA ST,1
BROOKLYN ROAD S,1
RANFURLY ST,1
WELCH GROVE,1
FERRY ST,1
DYER ST,1
SH 1N ELLICE ST,1
SH 1N N,1
TOMS ROAD,1
CLUNY ROAD,1
DELAWARE GROVE,1
HERD ST,1
MOORHOUSE ST,1
TAWA ON SBD W,1
TAWA ON NBD,1
DOWSE DRIVE N,1
Z DWAY 16 HAYWARD ST,1
Z DWAY 65 KAHU ROAD,1
BELFAST ST,1
PAETAWA ROAD,1
50 M N NAIHERE ST,1
TAUPIRI CRESCENT,1
HILLARY COURT,1
MEXTED CRESCENT,1
RIBBLE ST,1
HANIA ST,1
EDINBURGH TERRACE,1
HAZARD GROVE,1
WAVERTON TERRACE,1
PERCIVAL ROAD,1
HICKS CRESCENT,1
NORFOLK CRESCENT,1
KELBURN VIADVCT,1
ADMIRAL ROAD,1
Z DVWY HUTT ROAD,1
GRIFFITHS GROVE,1
POST OFFICE SQUARE,1
HALL ROAD,1
Z CPK RAILWAY STN,1
75 M W BARTON ROAD,1
KAITOKE LOOP,1
HINDMARSH ST,1
BERYL GROVE,1
SUNBRAE DRIVE,1
HAMSTEAD ST,1
MURIWAI COURT,1
DUGGAN PLACE,1
SHIRLEY ST,1
MILNE CRESCENT,1
TRITON PLACE,1
CHELTENHAM TERRACE,1
COLWAY ST,1
DEMPSEY ST,1
MOANA ST,1
BARODA ST,1
HAZEL ST,1
LOOKOUT ROAD,1
FREYBERG ROAD,1
WARSPITE AVE,1
Z CPK MICHAEL FOWLER,1
AOTEA DRIVE,1
HARPER ST,1
ADELAIDE ROAD N,1
LERWICK TERRACE,1
LEICESTER ST S,1
KENWYN TERRACE,1
PLUNKET AVENUE,1
KELLOW ST,1
KAHIKATEA ROAD,1
TARIKAKA ST,1
CULLEN PLACE,1
ENTRANCE ST,1
HAZLEWOOD AVENUE N,1
LIVERTON ROAD,1
TUATORU ST,1
CHURTON PARK ON SBD,1
HEREWINI ST,1
TANEKAHA ST,1
Z WELLINGTON COLLEGE,1
PITOITOI ST,1
SASANOF VIEW,1
PARNELL ST,1
MARTINS ROAD,1
ATIAWA CRESCENT,1
NEWCOMBE CRESCENT,1
ROMESDALE ROAD,1
DERBY ST,1
MOUNT MARUA WAY,1
TUI ST,1
AVONLEA GROVE,1
SH 1N TAURIMA ST,1
HOSPITAL ROAD,1
HEKE ST,1
NGAPAKI ST,1
KIRTON DRIVE,1
SOLDIERS SETTLEMENT ROAD ,1
ST RONANS AVENUE,1
HOLLARD GROVE,1
KING CRESCENT,1
TAUPO CRESCENT,1
FITZPATRICK ST,1
Z CPK WAREHOUSE,1
PAH ROAD,1
WARRINGTON GROVE,1
WAITOHU ROAD,1
KELLY GROVE,1
PAGE GROVE,1
HURON PLACE,1
LAKEWOOD AVENUE,1
CARLOW GROVE,1
KANAWA ST,1
HILLSIDE DRIVE,1
Z ACCESS HOLDSWORTH ROAD,1
SHEARER CRESCENT,1
SUTHERLAND CRESCENT,1
GARRETT ST,1
WHAREROA ROAD,1
HEPARA ST,1
MUNGAVIN ON SBD,1
HUMPHRIES ST,1
SPYGLASS LANE,1
Z CPK MOORE WILSON,1
TARARUA DRIVE,1
BAFFIN GROVE,1
Z FORESTRY TRACK,1
CHURCHILL CRESCENT,1
FALLOON SETTLEMENT ROAD,1
PETHERICK ST,1
Z NEW ROAD MACKAYS,1
BENARES ST,1
DASENT ST,1
FAIRVIEW CRESCENT,1
PUKERUA BEACH ROAD,1
MATUHI ST,1
FALCON ST,1
AMESBURY DRIVE,1
HAIR ST,1
HARLAND ST,1
LINCOLN ST,1
NORBERT ST,1
ST IVES DRIVE,1
RAILWAY ROAD,1
AMES ST,1
SH 2 N,1
LYNDA AVENUE,1
LATITUDE CLOSE,1
TE PUIA DRIVE N,1
Z DIRT TRACK,1
SWAMP ROAD,1
BROOKLYN TERRACE,1
LANYON PLACE,1
SHELLEY ST,1
RURU ST,1
FRATERS ROAD,1
MAHORA ST N,1
LANDING ROAD,1
POMARE ROAD,1
Z PARK,1
WALMER ST,1
CALLIOPE CRESCENT S,1
ASPIRING TERRACE,1
CHEYNE WALK,1
RESERVOIR ROAD,1
WEXFORD ROAD,1
KELSO GROVE,1
CLAVERTON GROVE,1
MURI ROAD,1
CHATSWORTH ROAD,1
GUADELOUPE CRESCENT W,1
RAWSON ST,1
SH 1N BUCKLE ST,1
GIFFORD GROVE,1
FLAT POINT ROAD,1
BLUFF RANGITUMAU ROAD,1
SAULBREY GROVE,1
MAHINAWA ST,1
PUKIO WEST ROAD,1
NORTHLAND ROAD S,1
WENTWORTH ST,1
Z FCT SHELL SERVICE STAT,1
JERVOIS ROAD,1
WHEATSTONE ST,1
KITCHENER ST,1
Z COASTLANDS,1
Z CPK CEMETERY,1
Z CPK N/W WAKEFIELD ST,1
SOMBRERO VIEW,1
MUSEUM ST,1
HAUTONGA ST,1
CASTLE CRESCENT,1
FIFE LANE,1
HARRISON ST EAST,1
TE MITI ST,1
NGATOTO ST,1
WAGON ROAD,1
NEWLANDS ON SBD,1
MILLS ST,1
Z ACCESSWAY HIGH ST,1
Z CPK PIZZA HUTT,1
PETONE AVENUE,1
RESOLUTION ST,1
NONAME,1
ORIEL AVENUE,1
Z RIVERBANK,1
OTUPOA WAY,1
Z VPK BIG BARREL,1
CLUNIE AVENUE,1
GEORGE ST N,1
RAWHITI TERRACE,1
PRISCILLA CRESCENT,1
NIKAU ST,1
AVRO ROAD,1
LYTTELTON AVENUE N,1
MORLEY ST,1
GREENAWAY ROAD,1
LETT ST,1
PASADENA CRESCENT,1
OXFORD SLIP,1
BRACKEN ST,1
LANE CRESCENT,1
HIGHBURY ROAD,1
ATIAWA CRESCENT N,1
SPEY PLACE,1
DREYERS ROCK ROAD,1
TAIERI CRESCENT,1
RUSSELL ROAD,1
CRAWFORD GROVE,1
JEFFERSON ST,1
ENFIELD ST,1
MAGRATH AVENUE,1
SOUTH ST,1
SH 2 RIVER ROAD N,1
LOWRY CRESCENT,1
MURPHYS LINE,1
CLUTHA AVENUE,1
Z FCT MOBIL,1
GUADELOUPE CRESCENT,1
STELLIN ST,1
SH 1N VIVIAN ST W W,1
EASTERN HUTT ROAD N,1
LOOP LINE,1
Z TAITA DRIVE RVBED,1
WALLACE ST SLIP,1
SHACKLE LANE,1
Z CPK BRACKEN ROAD,1
TAWAI ST,1
CHAMPION ST S,1
SUMNER TERRACE,1
GLENMORE ROAD,1
MAARAMA CRESCENT,1
SH 58 PAREMATA,1
KIWI ST,1
ALPHA ST,1
ZETLAND ST,1
Z CARPARK UDY ST,1
RARANGI WAY,1
Z DWAY CALTEX PARUMOANA S,1
Z DWAY 39 ONSLOW ROAD,1
TACOMA DRIVE,1
MILFORD ST,1
BOSUN TERRACE,1
PAENUI ST,1
COLCHESTER CRESCENT,1
FERRY ROAD,1
NGAHERE ST,1
WHANGAIMOANA BEACH ROAD,1
WAVELL ST,1
SAVAGE CRESCENT,1
DOCTOR TAYLOR TERRACE,1
PUKEKO ST,1
HALL AVENUE,1
Z SERVICE STATION,1
MELKSHAM DRIVE,1
FLIGHTYS ROAD,1
FRIEND ST,1
LANGFORD ST,1
MCDOUGALL GROVE,1
WHAKATOMOTOMO ROAD,1
CUMBERLAND GROVE,1
MANGAPURUPURU ROAD,1
ST ALBANS AVENUE,1
NORTHLAND TUNNEL ROAD,1
ROMNEY SQUARE,1
ST JOHNS TERRACE,1
NGAIO ST,1
ARGYLE GROVE,1
NGAHINA ST,1
BLYTHE ST,1
RANDWICK CRESCENT N,1
TYNDALL ST,1
TITAHI BAY ROAD W,1
Z CPK PETONE INDOOR/NET,1
Z DWAY 215 MANGAROA VALLE,1
SADDLEBACK GROVE,1
SPICER PLACE,1
KNIGGES AVENUE,1
KIRTON ST,1
HYDE ST,1
SANDFORD ST,1
TAWA TERRACE,1
CRUICKSHANK ROAD,1
MAGINNITY ST,1
FIESTA GROVE,1
TE NEHU DRIVE,1
CROFTON ROAD N,1
GRANVILLE ST,1
PETHERICK CRESCENT,1
WALKWAY,1
PINEWOOD GROVE,1
KASHMIR AVENUE,1
MEACHEN ST,1
Z CPK NGAIO TOWN HALL,1
BING LUCAS DRIVE,1
SOUTH BEACH ACCESS ROAD,1
GRIBBLE GROVE,1
FRANCIS LINE,1
TAMWORTH CRESCENT,1
Z D WAY,1
COTTLEVILLE TERRACE,1
TED GILBERD PLACE,1
PANETA ST,1
CHAPMAN CRESCENT,1
PAPAWAI ROAD,1
PELOROUS ST,1
BALLANTRAE PLACE,1
TAKATIMU WAY,1
THE AVENUE,1
GLADYS SCOTT PLACE,1
BARNES ST,1
BEDFORD ST E,1
MONTEREY PLACE,1
APARANGI CRESCENT,1
Z TENNIS COURT,1
COMPTON CRESCENT,1
MAYMORN ROAD,1
Z CPK MCDONALDS RESTAURAN,1
SWANSEA ST,1
Z CPK UPPER HUTT CENTRAL,1
BRUCE AVENUE,1
RANELAGH ST,1
GARD ST,1
Z GRAVEL ROAD,1
ANLABY ROAD,1
JORDAN TERRACE,1
MAPPLEBECK ST,1
GOUGH ST,1
Z CPK MAIDSTONE INT,1
RIVERSIDE DRIVE SOUTH,1
MACKENZIE AVENUE,1
Z BEACH WAITOHU,1
TWICKENHAM ST,1
ARAHIWI GROVE,1
DOUGLAS ST,1
CHITTICK ST,1
CHIPPENHAM GROVE,1
MAULDETH TERRACE,1
Z DWY NW MOLESWORTH ST,1
WAINGAWA ROAD,1
THE RAMP OFF SBD,1
WINSTON ST,1
PREBBLE GROVE,1
COTTONWOOD CLOSE,1
TIBER ST,1
KAIMANAWA ST,1
STEVENS GROVE,1
GARDINER GROVE,1
ROTOITI ST,1
RANUI TERRACE,1
SANDYBROW,1
MATAHIWI ROAD,1
BEAUMONT AVENUE,1
SIMLA CRESCENT,1
Z DWAY 17 CAMPERDOWN,1
OMAR ST,1
Z CPK NORTH CITY PLAZA,1
DRUMMOND ST,1
CHESTNUT GROVE,1
LANGDALE AVENUE,1
MAHANA ROAD,1
WAIHAKEKE ROAD,1
BEETHAM ST,1
BATTERSEA ROAD,1
EPIHA ST,1
Z CPK SUPER CHEAP AUTO,1
RED ROCKS WALKWAY,1
THACKERAY ST,1
BATHGATE ST,1
MELLING LINK S,1
TILBURY ST,1
SCOTT COURT,1
Z AIRPORT TERMINAL,1
KORAU GROVE,1
SH 1N MAIN,1
TINUI VALLEY ROAD,1
MELROSE ST,1
BARTON AVENUE,1
SH 53 REVANS ST,1
CHAMBERLAIN ROAD,1
LOWER WATT ST,1
WYNDHAM ST,1
HADFIELD ST,1
MOORE ST,1
Z OFF ROAD,1
BOMBAY ST,1
CHAMBERLAIN ST,1
HILL GROVE,1
KENTWOOD DRIVE,1
FAIRWAY OFF RAMP,1
PALMER ST,1
CARIBBEAN DRIVE,1
Z CPK PROPERTY ACCESS,1
MOULT ST,1
SCHOLES LANE,1
OTAKI ST,1
TILLEY ROAD,1
PERCY DYETT DRIVE,1
BIRMAN PLACE,1
WORCESTER PLACE,1
NORTH TERRACE,1
DOWSE ON SBD,1
MOTUKARAKA POINT,1
WAIONE ST E,1
KAIRIMU ST,1
RURU ROAD,1
WILBERFORCE ST,1
ACCESS ROAD N,1
TE HIKO ST,1
APARIMA AVENUE,1
WOODMANCOTE ROAD,1
BREES ST,1
LOCHIEL ROAD,1
FENCHURCH GROVE,1
Z CPK PAK/SAVE PARUMOANA,1
LUPIN TERRACE,1
Z CPK MAIN ROAD,1
HEATHER GROVE,1
TE ARATAURA ST,1
BLUE ROCK ROAD,1
GOWER ST,1
SCOTT AVENUE,1
SATARA CRESCENT,1
Z HUTT RIVER,1
BULL AVENUE,1
Z NEW ROAD SH 1N,1
Z #9 RISHWORTH ST,1
MANTELL ST,1
MASEFIELD WAY,1
Z ACCESS ROAD MAHARA PLAC,1
REX ST,1
TAPIRI ST,1
153 M W Z CPK COUNTDOWN,1
Z COBHAM COURT PARKING,1
KING ARTHUR DRIVE,1
Z BCH CASTLEPOINT,1
NEVADA GROVE,1
HEATON TERRACE,1
HATAITAI BUS TUNNEL,1
HUTT OFF SBD,1
SILVERBIRCH GROVE,1
NGAUMATAU ROAD,1
WAIPUNA GROVE,1
Z CPK HUTT HOSPITAL,1
FOSTER ST,1
KUPE ST,1
STRATHAVON ROAD,1
NORRIS GROVE,1
BEALEY AVENUE,1
Z DWAY NUHAKA PLACE,1
Z HOSP RIDDIFORD STREET,1
MCGREGOR CRESCENT,1
BOSTON TERRACE,1
BOOTH ST,1
Z CPK FERGUSSON DRIVE,1
MACKY ST,1
Z OFFROAD,1
ROBSON ST,1
LINK ROAD,1
GRAYS ROAD E,1
MAPLE GROVE,1
SH 1N TONKS AVENUE,1
NASH ST,1
SOUTH FEATHERSTON ROAD,1
GARRISON ST,1
TREASURE GROVE,1
PATERSON ST EAST,1
SAUNDERS CLOSE,1
BELMONT TERRACE,1
Z CPK ANGUS HOTEL,1
LODGE PLACE,1
Z DWY WAREHOUSE FELTEX ST,1
HAYWARDS HILL ROAD,1
Z DRIVEWAY 6 SUMMIT ROAD,1
CHASTUDON PLACE,1
MANUTUKE ST,1
EDEN ST,1
Z SERVICE LANE,1
FRANCIS ROAD,1
KURTH CRESCENT,1
EDWARD ST,1
SHARDA GROVE,1
LOONGANA ST,1
VICTORIA ST S,1
SH 2 WESTERN HUTT ROAD S,1
HOWARD ST,1
LEICESTER ST W,1
WESTMINSTER ST,1
INTERMEDIATE ST,1
BLUEBERRY GROVE,1
LYNDFIELD LANE,1
SUTHERLAND AVENUE,1
HADFIELD TERRACE,1
RUTHVEN ROAD,1
KAPITI LANE,1
MOMONA ST,1
WILLIAM BENTON ST,1
GRESFORD PLACE,1
GLEN IRIS GROVE,1
BUCKS ROAD,1
RANGIORA AVENUE,1
KALINGO ST,1
RUTLAND ROAD,1
NORMAN LANE,1
VIVIAN ST,1
SOUTHERN CROSS CRESCENT,1
THE CRESCENT N,1
Z DWAY 9 MILLER PLACE,1
TAFT ST,1
CHARLOTTE AVENUE,1
SEVENOAKS COURT,1
NEWPORT TERRACE,1
TULLY ST,1
ANCHOR LANE,1
COASTLANDS PARADE S,1
PRINCESS TERRACE,1
GOLDIES BRAE,1
CROWTHER ROAD,1
TIPPERARY GROVE,1
GRAYS ROAD W,1
CONVENT ROAD,1
EGMONT ST,1
GEAR ROAD,1
LEVANT ST,1
RINGAWHATI ROAD,1
GREENDALE DRIVE,1
HARLEQUIN ST,1
ARNEY ST,1
PRITCHARD ST,1
KAIWHATA ROAD,1
CRADDOCK ST,1
Z WORKSHOP,1
Z VILLAGE,1
DEWSBURY GROVE,1
DOLLY VARDEN CRESCENT N,1
ST AIDANS WAY,1
HINEMOA ST E,1
OROUA ST,1
HOMEWOOD CRESCENT,1
MCGOWAN ROAD,1
DIXIE ST,1
COTTER ST,1
LIVERPOOL ST,1
KIRIWHAKAPAPA ROAD,1
NAIRN ST S,1
MANGAONE SOUTH ROAD,1
TONGARIRO ST,1
MITCHELL GROVE,1
CHURTON PARK ON NBD,1
DERHAM ROAD,1
LONGITUDE PLACE,1
CLEAT ST,1
WAKELY ROAD,1
REWA TERRACE,1
ANGUS AVENUE,1
WAIU ST,1
WILSON GROVE,1
OAK ST,1
Z ONSLOW COLLEGE CPK,1
Z CPK JOLLY MILLER INN,1
CEDRIC PLACE,1
INLET VIEW,1
Z CPK REST HOME,1
MARSDEN AVENUE,1
ERNEST ST,1
Z DWAY KARAPOTI ROAD,1
LYTTON ST,1
Z DRIVEWAY 43 M S VICTORI,1
MYRTLE CRESCENT,1
CODDINGTON CRESCENT,1
WARDS LINE,1
TORA ROAD,1
LAURA FERGUSSON GROVE,1
Z EL CHEAPO CARS PORIRUA,1
SH 1N ARTHUR,1
Z MCDONALDS DVWY,1
PROPERTY ACCESS,1
REYNOLDS BACH ROAD,1
HUTT ROAD SLIDE,1
MELDRUM ST,1
LUCKNOW TERRACE,1
SH 58 HAYWARDS HILL RD,1
CHILKA ST,1
FRANKLYN ROAD,1
HOLLY GROVE,1
MT WGTN OFF SBD,1
